{"Team Name": "F1 Score", "codersDNA": 0.8936170212765957, "elementals": 0.47368421052631576}
